{"cameraMode":{"drawMode":0,"name":"Shaded","section":"Shading Mode"},"sceneLighting":true,"audioPlay":false,"sceneViewState":{"showFog":true,"showMaterialUpdate":false,"showSkybox":true,"showFlares":true,"showImageEffects":true,"showParticleSystems":true},"in2DMode":false,"pivot":{"x":0.2591674327850342,"y":-0.6386756896972656,"z":0.3047142028808594},"rotation":{"x":0.12807400524616242,"y":-0.8690890669822693,"z":0.29798424243927,"w":0.3735257089138031},"size":5.673886775970459,"orthographic":false}